{
  "fetched_at": "2025-12-30T06:50:31.003Z",
  "ytd_run": {
    "distance_m": 896128,
    "moving_time_s": 334338,
    "elevation_gain_m": 10436.099999999999
  },
  "ytd_ride": {
    "distance_m": 4356115,
    "moving_time_s": 566895,
    "elevation_gain_m": 40113.899999999994
  },
  "all_run": {
    "distance_m": 2646249.9999999977,
    "moving_time_s": 919424,
    "elevation_gain_m": 21582.09999999999
  },
  "all_ride": {
    "distance_m": 9406086.7,
    "moving_time_s": 1395807,
    "elevation_gain_m": 86101.90000000001
  }
}