{
  "fetched_at": "2026-01-05T19:17:33.475Z",
  "ytd_run": {
    "distance_m": 0,
    "moving_time_s": 0,
    "elevation_gain_m": 0
  },
  "ytd_ride": {
    "distance_m": 107052,
    "moving_time_s": 12746,
    "elevation_gain_m": 760
  },
  "all_run": {
    "distance_m": 2646249.9999999977,
    "moving_time_s": 919424,
    "elevation_gain_m": 21582.09999999999
  },
  "all_ride": {
    "distance_m": 9513138.5,
    "moving_time_s": 1408553,
    "elevation_gain_m": 86861.90000000001
  }
}