{
  "fetched_at": "2026-01-29T16:05:03.392Z",
  "ytd_run": {
    "distance_m": 87484.2,
    "moving_time_s": 51177,
    "elevation_gain_m": 1373.1999999999998
  },
  "ytd_ride": {
    "distance_m": 365333.89999999997,
    "moving_time_s": 48622,
    "elevation_gain_m": 3390
  },
  "ytd_row": {
    "distance_m": 0,
    "moving_time_s": 0,
    "elevation_gain_m": 0
  },
  "all_run": {
    "distance_m": 3783052.1999999974,
    "moving_time_s": 1547679,
    "elevation_gain_m": 43911.300000000025
  },
  "all_ride": {
    "distance_m": 10708965.2,
    "moving_time_s": 1613815,
    "elevation_gain_m": 96357.5
  },
  "all_row": {
    "distance_m": 1139621.1000000003,
    "moving_time_s": 387661,
    "elevation_gain_m": 5143.099999999999
  },
  "warning": "Token scope missing activity:read_all; private activities are excluded from totals."
}