{
  "fetched_at": "2026-04-29T08:35:34.820Z",
  "ytd_run": {
    "distance_m": 321914.50000000006,
    "moving_time_s": 163572,
    "elevation_gain_m": 5138.8
  },
  "ytd_ride": {
    "distance_m": 1145252.8000000003,
    "moving_time_s": 158442,
    "elevation_gain_m": 11313
  },
  "ytd_row": {
    "distance_m": 0,
    "moving_time_s": 0,
    "elevation_gain_m": 0
  },
  "all_run": {
    "distance_m": 4017482.499999997,
    "moving_time_s": 1660074,
    "elevation_gain_m": 47676.90000000002
  },
  "all_ride": {
    "distance_m": 11488884.1,
    "moving_time_s": 1723635,
    "elevation_gain_m": 104280.50000000001
  },
  "all_row": {
    "distance_m": 1139621.1000000003,
    "moving_time_s": 387661,
    "elevation_gain_m": 5143.099999999999
  },
  "warning": "Token scope missing activity:read_all; private activities are excluded from totals."
}