{
  "fetched_at": "2026-04-16T08:10:34.919Z",
  "ytd_run": {
    "distance_m": 300408.50000000006,
    "moving_time_s": 151416,
    "elevation_gain_m": 5003.1
  },
  "ytd_ride": {
    "distance_m": 1014385.5000000002,
    "moving_time_s": 140178,
    "elevation_gain_m": 9872
  },
  "ytd_row": {
    "distance_m": 0,
    "moving_time_s": 0,
    "elevation_gain_m": 0
  },
  "all_run": {
    "distance_m": 3995976.499999997,
    "moving_time_s": 1647918,
    "elevation_gain_m": 47541.20000000002
  },
  "all_ride": {
    "distance_m": 11358016.799999999,
    "moving_time_s": 1705371,
    "elevation_gain_m": 102839.50000000001
  },
  "all_row": {
    "distance_m": 1139621.1000000003,
    "moving_time_s": 387661,
    "elevation_gain_m": 5143.099999999999
  },
  "warning": "Token scope missing activity:read_all; private activities are excluded from totals."
}