{
  "fetched_at": "2026-03-24T07:34:51.457Z",
  "ytd_run": {
    "distance_m": 253355,
    "moving_time_s": 132677,
    "elevation_gain_m": 3923.1
  },
  "ytd_ride": {
    "distance_m": 750803.2000000001,
    "moving_time_s": 104476,
    "elevation_gain_m": 7320
  },
  "ytd_row": {
    "distance_m": 0,
    "moving_time_s": 0,
    "elevation_gain_m": 0
  },
  "all_run": {
    "distance_m": 3948922.9999999977,
    "moving_time_s": 1629179,
    "elevation_gain_m": 46461.20000000002
  },
  "all_ride": {
    "distance_m": 11094434.5,
    "moving_time_s": 1669669,
    "elevation_gain_m": 100287.50000000001
  },
  "all_row": {
    "distance_m": 1139621.1000000003,
    "moving_time_s": 387661,
    "elevation_gain_m": 5143.099999999999
  },
  "warning": "Token scope missing activity:read_all; private activities are excluded from totals."
}