{
  "fetched_at": "2026-03-21T07:06:27.706Z",
  "ytd_run": {
    "distance_m": 253355,
    "moving_time_s": 132677,
    "elevation_gain_m": 3923.1
  },
  "ytd_ride": {
    "distance_m": 660311.5,
    "moving_time_s": 92963,
    "elevation_gain_m": 6486
  },
  "ytd_row": {
    "distance_m": 0,
    "moving_time_s": 0,
    "elevation_gain_m": 0
  },
  "all_run": {
    "distance_m": 3948922.9999999977,
    "moving_time_s": 1629179,
    "elevation_gain_m": 46461.20000000002
  },
  "all_ride": {
    "distance_m": 11003942.799999999,
    "moving_time_s": 1658156,
    "elevation_gain_m": 99453.50000000001
  },
  "all_row": {
    "distance_m": 1139621.1000000003,
    "moving_time_s": 387661,
    "elevation_gain_m": 5143.099999999999
  },
  "warning": "Token scope missing activity:read_all; private activities are excluded from totals."
}