{
  "fetched_at": "2026-03-08T07:04:29.851Z",
  "ytd_run": {
    "distance_m": 227324.80000000002,
    "moving_time_s": 123026,
    "elevation_gain_m": 3226.1
  },
  "ytd_ride": {
    "distance_m": 461735.19999999995,
    "moving_time_s": 65333,
    "elevation_gain_m": 4524
  },
  "ytd_row": {
    "distance_m": 0,
    "moving_time_s": 0,
    "elevation_gain_m": 0
  },
  "all_run": {
    "distance_m": 3922892.7999999975,
    "moving_time_s": 1619528,
    "elevation_gain_m": 45764.200000000026
  },
  "all_ride": {
    "distance_m": 10805366.5,
    "moving_time_s": 1630526,
    "elevation_gain_m": 97491.5
  },
  "all_row": {
    "distance_m": 1139621.1000000003,
    "moving_time_s": 387661,
    "elevation_gain_m": 5143.099999999999
  },
  "warning": "Token scope missing activity:read_all; private activities are excluded from totals."
}