{
  "fetched_at": "2026-01-12T18:11:11.225Z",
  "ytd_run": {
    "distance_m": 30484,
    "moving_time_s": 9686,
    "elevation_gain_m": 273
  },
  "ytd_ride": {
    "distance_m": 140406,
    "moving_time_s": 17628,
    "elevation_gain_m": 1371
  },
  "all_run": {
    "distance_m": 2676733.4999999986,
    "moving_time_s": 929110,
    "elevation_gain_m": 21855.09999999999
  },
  "all_ride": {
    "distance_m": 9546492.299999999,
    "moving_time_s": 1413435,
    "elevation_gain_m": 87472.90000000001
  }
}