{
  "fetched_at": "2026-01-04T06:49:23.671Z",
  "ytd_run": {
    "distance_m": 0,
    "moving_time_s": 0,
    "elevation_gain_m": 0
  },
  "ytd_ride": {
    "distance_m": 76887,
    "moving_time_s": 9062,
    "elevation_gain_m": 509
  },
  "all_run": {
    "distance_m": 2646249.9999999977,
    "moving_time_s": 919424,
    "elevation_gain_m": 21582.09999999999
  },
  "all_ride": {
    "distance_m": 9482973.6,
    "moving_time_s": 1404869,
    "elevation_gain_m": 86610.90000000001
  }
}