{
  "fetched_at": "2026-04-23T08:15:00.913Z",
  "ytd_run": {
    "distance_m": 316134.9,
    "moving_time_s": 160625,
    "elevation_gain_m": 5066.8
  },
  "ytd_ride": {
    "distance_m": 1050259.3000000003,
    "moving_time_s": 145752,
    "elevation_gain_m": 10351
  },
  "ytd_row": {
    "distance_m": 0,
    "moving_time_s": 0,
    "elevation_gain_m": 0
  },
  "all_run": {
    "distance_m": 4011702.899999997,
    "moving_time_s": 1657127,
    "elevation_gain_m": 47604.90000000002
  },
  "all_ride": {
    "distance_m": 11393890.6,
    "moving_time_s": 1710945,
    "elevation_gain_m": 103318.50000000001
  },
  "all_row": {
    "distance_m": 1139621.1000000003,
    "moving_time_s": 387661,
    "elevation_gain_m": 5143.099999999999
  },
  "warning": "Token scope missing activity:read_all; private activities are excluded from totals."
}