{
  "fetched_at": "2026-05-04T08:44:03.284Z",
  "ytd_run": {
    "distance_m": 323895.9000000001,
    "moving_time_s": 166089,
    "elevation_gain_m": 5497.800000000001
  },
  "ytd_ride": {
    "distance_m": 1179401.2000000002,
    "moving_time_s": 164106,
    "elevation_gain_m": 11726
  },
  "ytd_row": {
    "distance_m": 0,
    "moving_time_s": 0,
    "elevation_gain_m": 0
  },
  "all_run": {
    "distance_m": 4019463.899999997,
    "moving_time_s": 1662591,
    "elevation_gain_m": 48035.90000000003
  },
  "all_ride": {
    "distance_m": 11523032.5,
    "moving_time_s": 1729299,
    "elevation_gain_m": 104693.50000000001
  },
  "all_row": {
    "distance_m": 1139621.1000000003,
    "moving_time_s": 387661,
    "elevation_gain_m": 5143.099999999999
  },
  "warning": "Token scope missing activity:read_all; private activities are excluded from totals."
}