{
  "fetched_at": "2026-03-25T07:34:03.869Z",
  "ytd_run": {
    "distance_m": 264638.2,
    "moving_time_s": 136306,
    "elevation_gain_m": 3989.1
  },
  "ytd_ride": {
    "distance_m": 750803.2000000001,
    "moving_time_s": 104476,
    "elevation_gain_m": 7320
  },
  "ytd_row": {
    "distance_m": 0,
    "moving_time_s": 0,
    "elevation_gain_m": 0
  },
  "all_run": {
    "distance_m": 3960206.199999998,
    "moving_time_s": 1632808,
    "elevation_gain_m": 46527.20000000002
  },
  "all_ride": {
    "distance_m": 11094434.5,
    "moving_time_s": 1669669,
    "elevation_gain_m": 100287.50000000001
  },
  "all_row": {
    "distance_m": 1139621.1000000003,
    "moving_time_s": 387661,
    "elevation_gain_m": 5143.099999999999
  },
  "warning": "Token scope missing activity:read_all; private activities are excluded from totals."
}