{
  "fetched_at": "2025-12-24T06:51:26.765Z",
  "ytd_run": {
    "distance_m": 890322,
    "moving_time_s": 332509,
    "elevation_gain_m": 10395.099999999999
  },
  "ytd_ride": {
    "distance_m": 4213623,
    "moving_time_s": 550137,
    "elevation_gain_m": 39203.899999999994
  },
  "all_run": {
    "distance_m": 2640444.199999998,
    "moving_time_s": 917595,
    "elevation_gain_m": 21541.09999999999
  },
  "all_ride": {
    "distance_m": 9263594.799999999,
    "moving_time_s": 1379049,
    "elevation_gain_m": 85191.90000000001
  }
}