{
  "fetched_at": "2026-05-21T10:06:56.480Z",
  "ytd_run": {
    "distance_m": 352873.7000000001,
    "moving_time_s": 182320,
    "elevation_gain_m": 5652.9000000000015
  },
  "ytd_ride": {
    "distance_m": 1453977.7000000007,
    "moving_time_s": 200232,
    "elevation_gain_m": 13955
  },
  "ytd_row": {
    "distance_m": 0,
    "moving_time_s": 0,
    "elevation_gain_m": 0
  },
  "all_run": {
    "distance_m": 4048441.699999997,
    "moving_time_s": 1678822,
    "elevation_gain_m": 48191.00000000003
  },
  "all_ride": {
    "distance_m": 11797608.999999998,
    "moving_time_s": 1765425,
    "elevation_gain_m": 106922.50000000001
  },
  "all_row": {
    "distance_m": 1139621.1000000003,
    "moving_time_s": 387661,
    "elevation_gain_m": 5143.099999999999
  },
  "warning": "Token scope missing activity:read_all; private activities are excluded from totals."
}