{
  "fetched_at": "2026-04-21T08:13:25.917Z",
  "ytd_run": {
    "distance_m": 313062.7,
    "moving_time_s": 160273,
    "elevation_gain_m": 5097.8
  },
  "ytd_ride": {
    "distance_m": 1030931.8000000003,
    "moving_time_s": 142707,
    "elevation_gain_m": 10087
  },
  "ytd_row": {
    "distance_m": 0,
    "moving_time_s": 0,
    "elevation_gain_m": 0
  },
  "all_run": {
    "distance_m": 4008630.699999997,
    "moving_time_s": 1656775,
    "elevation_gain_m": 47635.90000000002
  },
  "all_ride": {
    "distance_m": 11374563.1,
    "moving_time_s": 1707900,
    "elevation_gain_m": 103054.50000000001
  },
  "all_row": {
    "distance_m": 1139621.1000000003,
    "moving_time_s": 387661,
    "elevation_gain_m": 5143.099999999999
  },
  "warning": "Token scope missing activity:read_all; private activities are excluded from totals."
}