{
  "fetched_at": "2026-05-12T09:16:05.692Z",
  "ytd_run": {
    "distance_m": 349953.0000000001,
    "moving_time_s": 180496,
    "elevation_gain_m": 5627.9000000000015
  },
  "ytd_ride": {
    "distance_m": 1414233.8000000005,
    "moving_time_s": 194815,
    "elevation_gain_m": 13561
  },
  "ytd_row": {
    "distance_m": 0,
    "moving_time_s": 0,
    "elevation_gain_m": 0
  },
  "all_run": {
    "distance_m": 4045520.999999997,
    "moving_time_s": 1676998,
    "elevation_gain_m": 48166.00000000003
  },
  "all_ride": {
    "distance_m": 11757865.1,
    "moving_time_s": 1760008,
    "elevation_gain_m": 106528.50000000001
  },
  "all_row": {
    "distance_m": 1139621.1000000003,
    "moving_time_s": 387661,
    "elevation_gain_m": 5143.099999999999
  },
  "warning": "Token scope missing activity:read_all; private activities are excluded from totals."
}