{
  "fetched_at": "2026-04-02T07:45:24.280Z",
  "ytd_run": {
    "distance_m": 270797.80000000005,
    "moving_time_s": 138308,
    "elevation_gain_m": 4039.1
  },
  "ytd_ride": {
    "distance_m": 855052.3,
    "moving_time_s": 118133,
    "elevation_gain_m": 8330
  },
  "ytd_row": {
    "distance_m": 0,
    "moving_time_s": 0,
    "elevation_gain_m": 0
  },
  "all_run": {
    "distance_m": 3966365.799999998,
    "moving_time_s": 1634810,
    "elevation_gain_m": 46577.20000000002
  },
  "all_ride": {
    "distance_m": 11198683.6,
    "moving_time_s": 1683326,
    "elevation_gain_m": 101297.50000000001
  },
  "all_row": {
    "distance_m": 1139621.1000000003,
    "moving_time_s": 387661,
    "elevation_gain_m": 5143.099999999999
  },
  "warning": "Token scope missing activity:read_all; private activities are excluded from totals."
}