{
  "fetched_at": "2026-04-09T07:57:53.080Z",
  "ytd_run": {
    "distance_m": 283448.00000000006,
    "moving_time_s": 144277,
    "elevation_gain_m": 4519.1
  },
  "ytd_ride": {
    "distance_m": 917451.1000000002,
    "moving_time_s": 126896,
    "elevation_gain_m": 8909
  },
  "ytd_row": {
    "distance_m": 0,
    "moving_time_s": 0,
    "elevation_gain_m": 0
  },
  "all_run": {
    "distance_m": 3979015.9999999977,
    "moving_time_s": 1640779,
    "elevation_gain_m": 47057.20000000002
  },
  "all_ride": {
    "distance_m": 11261082.399999999,
    "moving_time_s": 1692089,
    "elevation_gain_m": 101876.50000000001
  },
  "all_row": {
    "distance_m": 1139621.1000000003,
    "moving_time_s": 387661,
    "elevation_gain_m": 5143.099999999999
  },
  "warning": "Token scope missing activity:read_all; private activities are excluded from totals."
}