{
  "fetched_at": "2026-01-26T06:58:49.143Z",
  "ytd_run": {
    "distance_m": 43207,
    "moving_time_s": 16008,
    "elevation_gain_m": 794.6
  },
  "ytd_ride": {
    "distance_m": 355267,
    "moving_time_s": 46595,
    "elevation_gain_m": 3289
  },
  "all_run": {
    "distance_m": 2689457.099999998,
    "moving_time_s": 935432,
    "elevation_gain_m": 22376.699999999993
  },
  "all_ride": {
    "distance_m": 9761353.499999998,
    "moving_time_s": 1442402,
    "elevation_gain_m": 89390.90000000002
  }
}