{
  "fetched_at": "2026-01-11T06:51:28.181Z",
  "ytd_run": {
    "distance_m": 22376,
    "moving_time_s": 7268,
    "elevation_gain_m": 221
  },
  "ytd_ride": {
    "distance_m": 140406,
    "moving_time_s": 17628,
    "elevation_gain_m": 1371
  },
  "all_run": {
    "distance_m": 2668625.999999998,
    "moving_time_s": 926692,
    "elevation_gain_m": 21803.09999999999
  },
  "all_ride": {
    "distance_m": 9546492.299999999,
    "moving_time_s": 1413435,
    "elevation_gain_m": 87472.90000000001
  }
}