{
  "fetched_at": "2026-01-14T19:45:44.034Z",
  "ytd_run": {
    "distance_m": 36345,
    "moving_time_s": 11463,
    "elevation_gain_m": 312
  },
  "ytd_ride": {
    "distance_m": 180096,
    "moving_time_s": 23667,
    "elevation_gain_m": 1664
  },
  "all_run": {
    "distance_m": 2682594.599999998,
    "moving_time_s": 930887,
    "elevation_gain_m": 21894.09999999999
  },
  "all_ride": {
    "distance_m": 9586182.599999998,
    "moving_time_s": 1419474,
    "elevation_gain_m": 87765.90000000002
  }
}