{
  "fetched_at": "2026-04-05T07:35:39.750Z",
  "ytd_run": {
    "distance_m": 272609.4,
    "moving_time_s": 140870,
    "elevation_gain_m": 4427.1
  },
  "ytd_ride": {
    "distance_m": 917451.1000000002,
    "moving_time_s": 126896,
    "elevation_gain_m": 8909
  },
  "ytd_row": {
    "distance_m": 0,
    "moving_time_s": 0,
    "elevation_gain_m": 0
  },
  "all_run": {
    "distance_m": 3968177.3999999976,
    "moving_time_s": 1637372,
    "elevation_gain_m": 46965.20000000002
  },
  "all_ride": {
    "distance_m": 11261082.399999999,
    "moving_time_s": 1692089,
    "elevation_gain_m": 101876.50000000001
  },
  "all_row": {
    "distance_m": 1139621.1000000003,
    "moving_time_s": 387661,
    "elevation_gain_m": 5143.099999999999
  },
  "warning": "Token scope missing activity:read_all; private activities are excluded from totals."
}