{
  "fetched_at": "2026-03-28T07:27:13.787Z",
  "ytd_run": {
    "distance_m": 264638.2,
    "moving_time_s": 136306,
    "elevation_gain_m": 3989.1
  },
  "ytd_ride": {
    "distance_m": 789590.5000000001,
    "moving_time_s": 109575,
    "elevation_gain_m": 7682
  },
  "ytd_row": {
    "distance_m": 0,
    "moving_time_s": 0,
    "elevation_gain_m": 0
  },
  "all_run": {
    "distance_m": 3960206.199999998,
    "moving_time_s": 1632808,
    "elevation_gain_m": 46527.20000000002
  },
  "all_ride": {
    "distance_m": 11133221.799999999,
    "moving_time_s": 1674768,
    "elevation_gain_m": 100649.50000000001
  },
  "all_row": {
    "distance_m": 1139621.1000000003,
    "moving_time_s": 387661,
    "elevation_gain_m": 5143.099999999999
  },
  "warning": "Token scope missing activity:read_all; private activities are excluded from totals."
}