{
  "fetched_at": "2026-03-04T07:09:10.851Z",
  "ytd_run": {
    "distance_m": 215220.1,
    "moving_time_s": 115898,
    "elevation_gain_m": 3076.1
  },
  "ytd_ride": {
    "distance_m": 425521.89999999997,
    "moving_time_s": 59892,
    "elevation_gain_m": 3908
  },
  "ytd_row": {
    "distance_m": 0,
    "moving_time_s": 0,
    "elevation_gain_m": 0
  },
  "all_run": {
    "distance_m": 3910788.0999999973,
    "moving_time_s": 1612400,
    "elevation_gain_m": 45614.200000000026
  },
  "all_ride": {
    "distance_m": 10769153.200000001,
    "moving_time_s": 1625085,
    "elevation_gain_m": 96875.5
  },
  "all_row": {
    "distance_m": 1139621.1000000003,
    "moving_time_s": 387661,
    "elevation_gain_m": 5143.099999999999
  },
  "warning": "Token scope missing activity:read_all; private activities are excluded from totals."
}