{
  "fetched_at": "2026-01-27T22:02:35.990Z",
  "ytd_run": {
    "distance_m": 80960.69999999998,
    "moving_time_s": 45195,
    "elevation_gain_m": 1240.1999999999998
  },
  "ytd_ride": {
    "distance_m": 365333.89999999997,
    "moving_time_s": 48622,
    "elevation_gain_m": 3390
  },
  "ytd_row": {
    "distance_m": 0,
    "moving_time_s": 0,
    "elevation_gain_m": 0
  },
  "all_run": {
    "distance_m": 3776528.6999999974,
    "moving_time_s": 1541697,
    "elevation_gain_m": 43778.300000000025
  },
  "all_ride": {
    "distance_m": 10708965.2,
    "moving_time_s": 1613815,
    "elevation_gain_m": 96357.5
  },
  "all_row": {
    "distance_m": 1139621.1000000003,
    "moving_time_s": 387661,
    "elevation_gain_m": 5143.099999999999
  },
  "warning": "Token scope missing activity:read_all; private activities are excluded from totals."
}