{
  "fetched_at": "2026-01-06T06:53:22.357Z",
  "ytd_run": {
    "distance_m": 0,
    "moving_time_s": 0,
    "elevation_gain_m": 0
  },
  "ytd_ride": {
    "distance_m": 140406,
    "moving_time_s": 17628,
    "elevation_gain_m": 1371
  },
  "all_run": {
    "distance_m": 2646249.9999999977,
    "moving_time_s": 919424,
    "elevation_gain_m": 21582.09999999999
  },
  "all_ride": {
    "distance_m": 9546492.299999999,
    "moving_time_s": 1413435,
    "elevation_gain_m": 87472.90000000001
  }
}