{
  "fetched_at": "2026-05-11T10:03:19.133Z",
  "ytd_run": {
    "distance_m": 344160.9000000001,
    "moving_time_s": 178600,
    "elevation_gain_m": 5601.9000000000015
  },
  "ytd_ride": {
    "distance_m": 1364073.2000000004,
    "moving_time_s": 187695,
    "elevation_gain_m": 13284
  },
  "ytd_row": {
    "distance_m": 0,
    "moving_time_s": 0,
    "elevation_gain_m": 0
  },
  "all_run": {
    "distance_m": 4039728.899999997,
    "moving_time_s": 1675102,
    "elevation_gain_m": 48140.00000000003
  },
  "all_ride": {
    "distance_m": 11707704.5,
    "moving_time_s": 1752888,
    "elevation_gain_m": 106251.50000000001
  },
  "all_row": {
    "distance_m": 1139621.1000000003,
    "moving_time_s": 387661,
    "elevation_gain_m": 5143.099999999999
  },
  "warning": "Token scope missing activity:read_all; private activities are excluded from totals."
}