{
  "fetched_at": "2026-03-06T07:10:41.648Z",
  "ytd_run": {
    "distance_m": 227324.80000000002,
    "moving_time_s": 123026,
    "elevation_gain_m": 3226.1
  },
  "ytd_ride": {
    "distance_m": 425521.89999999997,
    "moving_time_s": 59892,
    "elevation_gain_m": 3908
  },
  "ytd_row": {
    "distance_m": 0,
    "moving_time_s": 0,
    "elevation_gain_m": 0
  },
  "all_run": {
    "distance_m": 3922892.7999999975,
    "moving_time_s": 1619528,
    "elevation_gain_m": 45764.200000000026
  },
  "all_ride": {
    "distance_m": 10769153.200000001,
    "moving_time_s": 1625085,
    "elevation_gain_m": 96875.5
  },
  "all_row": {
    "distance_m": 1139621.1000000003,
    "moving_time_s": 387661,
    "elevation_gain_m": 5143.099999999999
  },
  "warning": "Token scope missing activity:read_all; private activities are excluded from totals."
}