{
  "fetched_at": "2026-05-08T08:02:44.695Z",
  "ytd_run": {
    "distance_m": 342056.1000000001,
    "moving_time_s": 176697,
    "elevation_gain_m": 5584.9000000000015
  },
  "ytd_ride": {
    "distance_m": 1304033.3000000005,
    "moving_time_s": 180290,
    "elevation_gain_m": 12729
  },
  "ytd_row": {
    "distance_m": 0,
    "moving_time_s": 0,
    "elevation_gain_m": 0
  },
  "all_run": {
    "distance_m": 4037624.099999997,
    "moving_time_s": 1673199,
    "elevation_gain_m": 48123.00000000003
  },
  "all_ride": {
    "distance_m": 11647664.6,
    "moving_time_s": 1745483,
    "elevation_gain_m": 105696.50000000001
  },
  "all_row": {
    "distance_m": 1139621.1000000003,
    "moving_time_s": 387661,
    "elevation_gain_m": 5143.099999999999
  },
  "warning": "Token scope missing activity:read_all; private activities are excluded from totals."
}