{
  "fetched_at": "2026-01-13T06:54:12.681Z",
  "ytd_run": {
    "distance_m": 36345,
    "moving_time_s": 11463,
    "elevation_gain_m": 312
  },
  "ytd_ride": {
    "distance_m": 140406,
    "moving_time_s": 17628,
    "elevation_gain_m": 1371
  },
  "all_run": {
    "distance_m": 2682594.599999998,
    "moving_time_s": 930887,
    "elevation_gain_m": 21894.09999999999
  },
  "all_ride": {
    "distance_m": 9546492.299999999,
    "moving_time_s": 1413435,
    "elevation_gain_m": 87472.90000000001
  }
}