{
  "fetched_at": "2026-05-07T09:08:54.564Z",
  "ytd_run": {
    "distance_m": 338707.70000000007,
    "moving_time_s": 175076,
    "elevation_gain_m": 5560.9000000000015
  },
  "ytd_ride": {
    "distance_m": 1304033.3000000005,
    "moving_time_s": 180290,
    "elevation_gain_m": 12729
  },
  "ytd_row": {
    "distance_m": 0,
    "moving_time_s": 0,
    "elevation_gain_m": 0
  },
  "all_run": {
    "distance_m": 4034275.699999997,
    "moving_time_s": 1671578,
    "elevation_gain_m": 48099.00000000003
  },
  "all_ride": {
    "distance_m": 11647664.6,
    "moving_time_s": 1745483,
    "elevation_gain_m": 105696.50000000001
  },
  "all_row": {
    "distance_m": 1139621.1000000003,
    "moving_time_s": 387661,
    "elevation_gain_m": 5143.099999999999
  },
  "warning": "Token scope missing activity:read_all; private activities are excluded from totals."
}