{
  "fetched_at": "2026-05-01T08:27:27.217Z",
  "ytd_run": {
    "distance_m": 321914.50000000006,
    "moving_time_s": 163572,
    "elevation_gain_m": 5138.8
  },
  "ytd_ride": {
    "distance_m": 1168473.4000000001,
    "moving_time_s": 161982,
    "elevation_gain_m": 11670
  },
  "ytd_row": {
    "distance_m": 0,
    "moving_time_s": 0,
    "elevation_gain_m": 0
  },
  "all_run": {
    "distance_m": 4017482.499999997,
    "moving_time_s": 1660074,
    "elevation_gain_m": 47676.90000000002
  },
  "all_ride": {
    "distance_m": 11512104.7,
    "moving_time_s": 1727175,
    "elevation_gain_m": 104637.50000000001
  },
  "all_row": {
    "distance_m": 1139621.1000000003,
    "moving_time_s": 387661,
    "elevation_gain_m": 5143.099999999999
  },
  "warning": "Token scope missing activity:read_all; private activities are excluded from totals."
}