{
  "fetched_at": "2025-12-19T20:57:43.913Z",
  "ytd_run": {
    "distance_m": 879263,
    "moving_time_s": 328907,
    "elevation_gain_m": 10321.099999999999
  },
  "ytd_ride": {
    "distance_m": 4119666,
    "moving_time_s": 540071,
    "elevation_gain_m": 38750.899999999994
  },
  "all_run": {
    "distance_m": 2629384.999999998,
    "moving_time_s": 913993,
    "elevation_gain_m": 21467.09999999999
  },
  "all_ride": {
    "distance_m": 9169637.299999999,
    "moving_time_s": 1368983,
    "elevation_gain_m": 84738.90000000001
  }
}