{
  "fetched_at": "2026-01-16T06:53:32.636Z",
  "ytd_run": {
    "distance_m": 36345,
    "moving_time_s": 11463,
    "elevation_gain_m": 312
  },
  "ytd_ride": {
    "distance_m": 219502,
    "moving_time_s": 28739,
    "elevation_gain_m": 2051
  },
  "all_run": {
    "distance_m": 2682594.599999998,
    "moving_time_s": 930887,
    "elevation_gain_m": 21894.09999999999
  },
  "all_ride": {
    "distance_m": 9625588.699999997,
    "moving_time_s": 1424546,
    "elevation_gain_m": 88152.90000000002
  }
}