{
  "fetched_at": "2026-01-20T06:57:59.288Z",
  "ytd_run": {
    "distance_m": 38546,
    "moving_time_s": 13062,
    "elevation_gain_m": 740
  },
  "ytd_ride": {
    "distance_m": 219502,
    "moving_time_s": 28739,
    "elevation_gain_m": 2051
  },
  "all_run": {
    "distance_m": 2684795.499999998,
    "moving_time_s": 932486,
    "elevation_gain_m": 22322.09999999999
  },
  "all_ride": {
    "distance_m": 9625588.699999997,
    "moving_time_s": 1424546,
    "elevation_gain_m": 88152.90000000002
  }
}