{
  "fetched_at": "2025-12-25T06:50:22.890Z",
  "ytd_run": {
    "distance_m": 890322,
    "moving_time_s": 332509,
    "elevation_gain_m": 10395.099999999999
  },
  "ytd_ride": {
    "distance_m": 4254968,
    "moving_time_s": 554679,
    "elevation_gain_m": 39264.899999999994
  },
  "all_run": {
    "distance_m": 2640444.199999998,
    "moving_time_s": 917595,
    "elevation_gain_m": 21541.09999999999
  },
  "all_ride": {
    "distance_m": 9304939.899999999,
    "moving_time_s": 1383591,
    "elevation_gain_m": 85252.90000000001
  }
}