{
  "fetched_at": "2026-03-14T07:09:05.795Z",
  "ytd_run": {
    "distance_m": 238999.2,
    "moving_time_s": 126679,
    "elevation_gain_m": 3331.1
  },
  "ytd_ride": {
    "distance_m": 573066.4,
    "moving_time_s": 80953,
    "elevation_gain_m": 5694
  },
  "ytd_row": {
    "distance_m": 0,
    "moving_time_s": 0,
    "elevation_gain_m": 0
  },
  "all_run": {
    "distance_m": 3934567.1999999974,
    "moving_time_s": 1623181,
    "elevation_gain_m": 45869.200000000026
  },
  "all_ride": {
    "distance_m": 10916697.700000001,
    "moving_time_s": 1646146,
    "elevation_gain_m": 98661.50000000001
  },
  "all_row": {
    "distance_m": 1139621.1000000003,
    "moving_time_s": 387661,
    "elevation_gain_m": 5143.099999999999
  },
  "warning": "Token scope missing activity:read_all; private activities are excluded from totals."
}