{
  "fetched_at": "2026-01-23T18:11:10.024Z",
  "ytd_run": {
    "distance_m": 43207,
    "moving_time_s": 16008,
    "elevation_gain_m": 794.6
  },
  "ytd_ride": {
    "distance_m": 251788,
    "moving_time_s": 32433,
    "elevation_gain_m": 2334
  },
  "all_run": {
    "distance_m": 2689457.099999998,
    "moving_time_s": 935432,
    "elevation_gain_m": 22376.699999999993
  },
  "all_ride": {
    "distance_m": 9657874.599999998,
    "moving_time_s": 1428240,
    "elevation_gain_m": 88435.90000000002
  }
}