{
  "fetched_at": "2026-03-23T07:42:57.326Z",
  "ytd_run": {
    "distance_m": 253355,
    "moving_time_s": 132677,
    "elevation_gain_m": 3923.1
  },
  "ytd_ride": {
    "distance_m": 734559.9000000001,
    "moving_time_s": 102458,
    "elevation_gain_m": 7233
  },
  "ytd_row": {
    "distance_m": 0,
    "moving_time_s": 0,
    "elevation_gain_m": 0
  },
  "all_run": {
    "distance_m": 3948922.9999999977,
    "moving_time_s": 1629179,
    "elevation_gain_m": 46461.20000000002
  },
  "all_ride": {
    "distance_m": 11078191.2,
    "moving_time_s": 1667651,
    "elevation_gain_m": 100200.50000000001
  },
  "all_row": {
    "distance_m": 1139621.1000000003,
    "moving_time_s": 387661,
    "elevation_gain_m": 5143.099999999999
  },
  "warning": "Token scope missing activity:read_all; private activities are excluded from totals."
}