{
  "fetched_at": "2026-03-20T07:27:08.123Z",
  "ytd_run": {
    "distance_m": 251129.40000000002,
    "moving_time_s": 130666,
    "elevation_gain_m": 3487.1
  },
  "ytd_ride": {
    "distance_m": 648331.1,
    "moving_time_s": 90576,
    "elevation_gain_m": 6398
  },
  "ytd_row": {
    "distance_m": 0,
    "moving_time_s": 0,
    "elevation_gain_m": 0
  },
  "all_run": {
    "distance_m": 3946697.3999999976,
    "moving_time_s": 1627168,
    "elevation_gain_m": 46025.200000000026
  },
  "all_ride": {
    "distance_m": 10991962.4,
    "moving_time_s": 1655769,
    "elevation_gain_m": 99365.50000000001
  },
  "all_row": {
    "distance_m": 1139621.1000000003,
    "moving_time_s": 387661,
    "elevation_gain_m": 5143.099999999999
  },
  "warning": "Token scope missing activity:read_all; private activities are excluded from totals."
}