{
  "fetched_at": "2026-01-31T07:02:49.538Z",
  "ytd_run": {
    "distance_m": 95725.8,
    "moving_time_s": 54277,
    "elevation_gain_m": 1394.1999999999998
  },
  "ytd_ride": {
    "distance_m": 365333.89999999997,
    "moving_time_s": 48622,
    "elevation_gain_m": 3390
  },
  "ytd_row": {
    "distance_m": 0,
    "moving_time_s": 0,
    "elevation_gain_m": 0
  },
  "all_run": {
    "distance_m": 3791293.7999999975,
    "moving_time_s": 1550779,
    "elevation_gain_m": 43932.300000000025
  },
  "all_ride": {
    "distance_m": 10708965.2,
    "moving_time_s": 1613815,
    "elevation_gain_m": 96357.5
  },
  "all_row": {
    "distance_m": 1139621.1000000003,
    "moving_time_s": 387661,
    "elevation_gain_m": 5143.099999999999
  },
  "warning": "Token scope missing activity:read_all; private activities are excluded from totals."
}