{
  "fetched_at": "2026-05-05T08:30:27.161Z",
  "ytd_run": {
    "distance_m": 323895.9000000001,
    "moving_time_s": 166089,
    "elevation_gain_m": 5497.800000000001
  },
  "ytd_ride": {
    "distance_m": 1300138.2000000004,
    "moving_time_s": 179715,
    "elevation_gain_m": 12714
  },
  "ytd_row": {
    "distance_m": 0,
    "moving_time_s": 0,
    "elevation_gain_m": 0
  },
  "all_run": {
    "distance_m": 4019463.899999997,
    "moving_time_s": 1662591,
    "elevation_gain_m": 48035.90000000003
  },
  "all_ride": {
    "distance_m": 11643769.5,
    "moving_time_s": 1744908,
    "elevation_gain_m": 105681.50000000001
  },
  "all_row": {
    "distance_m": 1139621.1000000003,
    "moving_time_s": 387661,
    "elevation_gain_m": 5143.099999999999
  },
  "warning": "Token scope missing activity:read_all; private activities are excluded from totals."
}