{
  "fetched_at": "2026-01-21T06:58:46.712Z",
  "ytd_run": {
    "distance_m": 38546,
    "moving_time_s": 13062,
    "elevation_gain_m": 740
  },
  "ytd_ride": {
    "distance_m": 251788,
    "moving_time_s": 32433,
    "elevation_gain_m": 2334
  },
  "all_run": {
    "distance_m": 2684795.499999998,
    "moving_time_s": 932486,
    "elevation_gain_m": 22322.09999999999
  },
  "all_ride": {
    "distance_m": 9657874.599999998,
    "moving_time_s": 1428240,
    "elevation_gain_m": 88435.90000000002
  }
}